producto_10201_007_01;Imagen 1;producto_10201_007_product_template;
producto_10201_007_02;Imagen 2;producto_10201_007_product_template;
producto_10201_007_03;Imagen 3;producto_10201_007_product_template;
producto_10201_007_04;Imagen 4;producto_10201_007_product_template;
producto_10201_007_05;Imagen 5;producto_10201_007_product_template;https://www.youtube.com/watch?v=anA4Vt4O6rM
producto_10201_024_01;Imagen 1;producto_10201_024_product_template;
producto_10201_024_02;Imagen 2;producto_10201_024_product_template;
producto_10201_024_03;Imagen 3;producto_10201_024_product_template;
producto_10201_024_04;Imagen 4;producto_10201_024_product_template;
producto_10201_024_05;Imagen 5;producto_10201_024_product_template;
producto_10201_024_06;Imagen 6;producto_10201_024_product_template;